Date,Return
08/19/2014,0.807
08/18/2014,1.514
08/15/2014,-0.204
08/14/2014,-0.023
08/13/2014,2.141
08/12/2014,-0.907
08/11/2014,-0.156
08/08/2014,0.96
08/07/2014,-0.532
08/06/2014,0.231
08/05/2014,-1.41
08/04/2014,1.251
08/01/2014,-0.967
07/31/2014,-2.693
07/30/2014,0.309
07/29/2014,-0.845
07/28/2014,0.268
07/25/2014,-0.73
07/24/2014,-0.441
07/23/2014,0.208
07/22/2014,0.894
07/21/2014,-0.943
07/18/2014,3.721
07/17/2014,-1.533
07/16/2014,-0.363
07/15/2014,-0.015
07/14/2014,0.982
07/11/2014,1.415
07/10/2014,-0.864
07/09/2014,0.874
07/08/2014,-1.917
07/07/2014,-0.424
07/03/2014,0.411
07/02/2014,-0.057
07/01/2014,1.285
06/30/2014,-0.34
06/27/2014,0.215
06/26/2014,-0.458
06/25/2014,2.485
06/24/2014,-0.058
06/23/2014,1.544
06/20/2014,0.263
06/19/2014,0.276
06/18/2014,1.908
06/17/2014,-0.233
06/16/2014,-1.356
06/13/2014,0.074
06/12/2014,-1.34
06/11/2014,-0.305
06/10/2014,-0.279
06/09/2014,1.041
06/06/2014,0.439
06/05/2014,1.696
06/04/2014,-0.051
06/03/2014,-1.623
06/02/2014,-1.065
05/30/2014,-0.034
05/29/2014,-0.285
05/28/2014,-0.754
05/27/2014,2.397
05/23/2014,1.402
05/22/2014,1.136
05/21/2014,1.731
05/20/2014,0.172
05/19/2014,1.581
05/16/2014,0.125
05/15/2014,-1.267
05/14/2014,-1.208
05/13/2014,0.598
05/12/2014,2.157
05/09/2014,1.513
05/08/2014,0.204
05/07/2014,-1.006
05/06/2014,-2.4
05/05/2014,-0.023
05/02/2014,-0.644
05/01/2014,0.891
04/30/2014,-0.197
04/29/2014,2.04
04/28/2014,0.188
04/25/2014,-1.71
04/24/2014,-0.338
04/23/2014,-1.472
04/22/2014,1.171
04/21/2014,-1.395
04/17/2014,-3.673
04/16/2014,3.747
04/15/2014,0.736
04/14/2014,0.362
04/11/2014,-1.913
04/10/2014,-4.111
04/09/2014,1.665
04/08/2014,3.113
04/07/2014,-0.919
04/04/2014,-4.669
04/03/2014,0.483
04/02/2014,-0.028
04/01/2014,1.83
03/31/2014,-0.539
03/28/2014,0.274
03/27/2014,-1.231
03/26/2014,-2.309
03/25/2014,0.068
03/24/2014,-2.122
03/21/2014,-1.179
03/20/2014,-0.174
03/19/2014,-0.992
03/18/2014,1.607
03/17/2014,1.646
03/14/2014,-1.367
03/13/2014,-1.511
03/12/2014,0.609
03/11/2014,-0.956
03/10/2014,-0.265
03/07/2014,-0.395
03/06/2014,0.111
03/05/2014,0.276
03/04/2014,1.016
03/03/2014,-1.066
02/28/2014,-0.292
02/27/2014,-0.079
02/26/2014,0.014
02/25/2014,0.618
02/24/2014,0.724
02/21/2014,-0.027
02/20/2014,0.147
02/19/2014,-0.705
02/18/2014,0.672
02/14/2014,0.242
02/13/2014,1.113
02/12/2014,-0.293
02/11/2014,1.471
02/10/2014,-0.383
02/07/2014,1.507
02/06/2014,1.466
02/05/2014,0.443
02/04/2014,0.417
02/03/2014,-4.026
01/31/2014,4.014
01/30/2014,2.572
01/29/2014,-1.433
01/28/2014,1.978
01/27/2014,-2.011
01/24/2014,-3.126
01/23/2014,-0.422
01/22/2014,0.113
01/21/2014,1.145
01/17/2014,-0.492
01/16/2014,0.662
01/15/2014,-0.068
01/14/2014,2.353
01/13/2014,-0.637
01/10/2014,-0.005
01/09/2014,-0.963
01/08/2014,0.208
01/07/2014,1.928
01/06/2014,1.115
01/03/2014,-0.729
01/02/2014,-0.677
12/31/2013,1.014
12/30/2013,-0.799
12/27/2013,0.084
12/26/2013,0.505
12/24/2013,-0.292
12/23/2013,1.316
12/20/2013,1.326
12/19/2013,0.136
12/18/2013,1.392
12/17/2013,-0.291
12/16/2013,1.149
12/13/2013,-0.857
12/12/2013,-0.68
12/11/2013,-0.679
12/10/2013,0.605
12/09/2013,0.773
12/06/2013,1.185
12/05/2013,-0.079
12/04/2013,0.467
12/03/2013,-0.116
12/02/2013,-0.482
11/29/2013,-0.331
11/27/2013,0.444
11/26/2013,1.193
11/25/2013,1.361
11/22/2013,-0.211
11/21/2013,1.15
11/20/2013,-0.282
11/19/2013,-0.616
11/18/2013,-0.194
11/15/2013,-0.161
11/14/2013,0.267
11/13/2013,2.045
11/12/2013,0.118
11/11/2013,-0.535
11/08/2013,0.802
11/07/2013,-1.447
11/06/2013,0.12
11/05/2013,-0.447
11/04/2013,-0.091
11/01/2013,-0.343
10/31/2013,0.016
10/30/2013,-0.562
10/29/2013,2.093
10/28/2013,-0.02
10/25/2013,-1.009
10/24/2013,-0.568
10/23/2013,2.424
10/22/2013,0.369
10/21/2013,-0.802
10/18/2013,13.796
10/17/2013,-1.029
10/16/2013,1.816
10/15/2013,0.673
10/14/2013,0.472
10/11/2013,0.432
10/10/2013,1.447
10/09/2013,0.257
10/08/2013,-1.394
10/07/2013,-0.758
10/04/2013,-0.427
10/03/2013,-1.34
10/02/2013,0.112
10/01/2013,1.266
09/30/2013,-0.055
09/27/2013,-0.203
09/26/2013,0.107
09/25/2013,-1.084
09/24/2013,0.038
09/23/2013,-1.839
09/20/2013,0.525
09/19/2013,-0.546
09/18/2013,1.942
09/17/2013,-0.186
09/16/2013,-0.147
09/13/2013,-0.447
09/12/2013,-0.349
09/11/2013,0.846
09/10/2013,0.07
09/09/2013,0.963
09/06/2013,0.002
09/05/2013,0.91
09/04/2013,1.308
09/03/2013,1.592
08/30/2013,-0.997
08/29/2013,0.811
08/28/2013,-0.188
08/27/2013,-1.874
08/26/2013,-0.439
08/23/2013,-0.401
08/22/2013,0.504
08/21/2013,0.452
08/20/2013,-0.027
08/19/2013,1.02
08/16/2013,-0.32
08/15/2013,-1.167
08/14/2013,-1.298
08/13/2013,-0.481
08/12/2013,-0.55
08/09/2013,-0.252
08/08/2013,0.226
08/07/2013,-0.66
08/06/2013,-0.931
08/05/2013,-0.173
08/02/2013,0.26
08/01/2013,1.855
07/31/2013,-0.356
07/30/2013,0.98
07/29/2013,-0.348
07/26/2013,-0.265
07/25/2013,-1.683
07/24/2013,-0.1
07/23/2013,-0.758
07/22/2013,1.573
07/19/2013,-1.546
07/18/2013,-0.857
07/17/2013,-0.115
07/16/2013,-0.549
07/15/2013,0.183
07/12/2013,0.3
07/11/2013,1.573
07/10/2013,0.083
07/09/2013,0.017
07/08/2013,1.298
07/05/2013,0.796
07/03/2013,0.467
07/02/2013,-0.627
07/01/2013,0.853
06/28/2013,0.376
06/27/2013,0.391
06/26/2013,0.86
06/25/2013,-0.413
06/24/2013,-1.265
06/21/2013,-0.431
06/20/2013,-1.77
06/19/2013,0.007
06/18/2013,1.621
06/17/2013,1.281
06/14/2013,-0.223
06/13/2013,0.576
06/12/2013,-0.89
06/11/2013,-1.169
06/10/2013,1.192
06/07/2013,1.745
06/06/2013,0.575
06/05/2013,0.07
06/04/2013,-0.983
06/03/2013,-0.412
05/31/2013,0.053
05/30/2013,0.282
05/29/2013,-1.471
05/28/2013,0.91
05/24/2013,-1.073
05/23/2013,-0.745
05/22/2013,-1.935
05/21/2013,-0.172
05/20/2013,-0.071
05/17/2013,0.587
05/16/2013,-1.312
05/15/2013,3.245
05/14/2013,1.091
05/13/2013,-0.307
05/10/2013,1.004
05/09/2013,-0.246
05/08/2013,1.913
05/07/2013,-0.501
05/06/2013,1.872
05/03/2013,1.942
05/02/2013,1.119
05/01/2013,-0.502
04/30/2013,0.673
04/29/2013,2.201
04/26/2013,-0.949
04/25/2013,-0.535
04/24/2013,0.687
04/23/2013,0.974
04/22/2013,0.03
04/19/2013,4.434
04/18/2013,-2.128
04/17/2013,-1.363
04/16/2013,1.463
04/15/2013,-1.028
04/12/2013,-0.043
04/11/2013,0.027
04/10/2013,1.611
04/09/2013,0.361
04/08/2013,-1.047
04/05/2013,-1.512
04/04/2013,-1.381
04/03/2013,-0.841
04/02/2013,1.479
04/01/2013,0.881
03/28/2013,-1.055
03/27/2013,-1.201
03/26/2013,0.343
03/25/2013,-0.083
03/22/2013,-0.117
03/21/2013,-0.423
03/20/2013,0.418
03/19/2013,0.437
03/18/2013,-0.799
03/15/2013,-0.881
03/14/2013,-0.457
03/13/2013,-0.278
03/12/2013,-0.864
03/11/2013,0.397
03/08/2013,-0.13
03/07/2013,0.147
03/06/2013,-0.861
03/05/2013,2.082
03/04/2013,1.899
03/01/2013,0.623
02/28/2013,0.178
02/27/2013,1.221
02/26/2013,-0.081
02/25/2013,-1.118
02/22/2013,0.525
02/21/2013,0.387
02/20/2013,-1.783
02/19/2013,1.761
02/15/2013,0.644
02/14/2013,0.634
02/13/2013,0.277
02/12/2013,-0.22
02/11/2013,-0.376
02/08/2013,1.476
02/07/2013,0.491
02/06/2013,0.579
02/05/2013,0.885
02/04/2013,-2.138
02/01/2013,2.635
01/31/2013,0.247
01/30/2013,0.02
01/29/2013,0.393
01/28/2013,-0.39
01/25/2013,-0.072
01/24/2013,1.714
01/23/2013,5.496
01/22/2013,-0.233
01/18/2013,-0.957
01/17/2013,-0.541
01/16/2013,-1.344
01/15/2013,0.232
01/14/2013,-2.262
01/11/2013,-0.201
01/10/2013,0.455
01/09/2013,0.657
01/08/2013,-0.197
01/07/2013,-0.436
01/04/2013,1.976
01/03/2013,0.058
01/02/2013,2.243
12/31/2012,1.053
12/28/2012,-0.889
12/27/2012,-0.364
12/26/2012,-0.089
12/24/2012,-0.857
12/21/2012,-0.932
12/20/2012,0.312
12/19/2012,-0.133
12/18/2012,0.04
12/17/2012,2.681
12/14/2012,-0.105
12/13/2012,0.737
12/12/2012,0.098
12/11/2012,1.672
12/10/2012,0.177
12/07/2012,-1.001
12/06/2012,0.481
12/05/2012,-0.465
12/04/2012,-0.607
12/03/2012,-0.447
11/30/2012,0.937
11/29/2012,1.202
11/28/2012,1.932
11/27/2012,1.446
11/26/2012,-1.021
11/23/2012,0.315
11/21/2012,-0.612
11/20/2012,0.263
11/19/2012,3.249
11/16/2012,-0.012
11/15/2012,-0.811
11/14/2012,-0.986
11/13/2012,-1.029
11/12/2012,0.433
11/09/2012,1.647
11/08/2012,-2.223
11/07/2012,-2.142
11/06/2012,-0.182
11/05/2012,-0.721
11/02/2012,0.048
11/01/2012,1.072
10/31/2012,0.763
10/26/2012,-0.385
10/25/2012,0.068
10/24/2012,-0.448
10/23/2012,0.248
10/22/2012,-0.458
10/19/2012,-1.901
10/18/2012,-8.007
10/17/2012,1.449
10/16/2012,0.502
10/15/2012,-0.506
10/12/2012,-0.896
10/11/2012,0.929
10/10/2012,0.063
10/09/2012,-1.814
10/08/2012,-1.278
10/05/2012,-0.052
10/04/2012,0.728
10/03/2012,0.728
10/02/2012,-0.629
10/01/2012,0.965
09/28/2012,-0.264
09/27/2012,0.403
09/26/2012,0.574
09/25/2012,-0.029
09/24/2012,2.097
09/21/2012,0.806
09/20/2012,0.085
09/19/2012,1.284
09/18/2012,1.169
09/17/2012,0.042
09/14/2012,0.516
09/13/2012,2.194
09/12/2012,-0.189
09/11/2012,-1.224
09/10/2012,-0.762
09/07/2012,0.965
09/06/2012,2.744
09/05/2012,-0.047
09/04/2012,-0.591
08/31/2012,0.5
08/30/2012,-0.92
08/29/2012,1.589
08/28/2012,1.2
08/27/2012,-1.387
08/24/2012,0.27
08/23/2012,-0.056
08/22/2012,1.146
08/21/2012,-0.893
08/20/2012,-0.236
08/17/2012,0.635
08/16/2012,0.798
08/15/2012,-0.168
08/14/2012,1.311
08/13/2012,2.805
08/10/2012,-0.054
08/09/2012,0.019
08/08/2012,0.264
08/07/2012,-0.355
08/06/2012,0.232
08/03/2012,2.001
08/02/2012,-0.621
08/01/2012,-0.046
07/31/2012,0.106
07/30/2012,-0.419
07/27/2012,3.522
07/26/2012,0.883
07/25/2012,0.069
07/24/2012,-1.29
07/23/2012,0.768
07/20/2012,2.995
07/19/2012,2.118
07/18/2012,0.699
07/17/2012,0.315
07/16/2012,-0.278
07/13/2012,1.059
07/12/2012,-0.124
07/11/2012,-1.807
07/10/2012,-0.735
07/09/2012,0.005
07/06/2012,-1.668
07/05/2012,1.376
07/03/2012,1.268
07/02/2012,0.069
06/29/2012,2.793
06/28/2012,-0.877
06/27/2012,0.818
06/26/2012,0.71
06/25/2012,-1.886
06/22/2012,1.109
06/21/2012,-2.13
06/20/2012,-0.691
06/19/2012,1.871
06/18/2012,1.123
06/15/2012,0.977
06/14/2012,-0.364
06/13/2012,-0.71
06/12/2012,-0.598
06/11/2012,-2.059
06/08/2012,0.384
06/07/2012,-0.403
06/06/2012,1.781
06/05/2012,-1.414
06/04/2012,1.333
06/01/2012,-1.701
05/31/2012,-1.253
05/30/2012,-1.028
05/29/2012,0.475
05/25/2012,-2.009
05/24/2012,-0.952
05/23/2012,1.441
05/22/2012,-2.167
05/21/2012,2.283
05/18/2012,-3.635
05/17/2012,-0.935
05/16/2012,2.916
05/15/2012,1.177
05/14/2012,-0.203
05/11/2012,-1.374
05/10/2012,0.74
05/09/2012,-0.594
05/08/2012,0.862
05/07/2012,1.772
05/04/2012,-2.299
05/03/2012,0.619
05/02/2012,0.468
05/01/2012,-0.069
04/30/2012,-1.647
04/27/2012,-0.08
04/26/2012,0.943
04/25/2012,1.405
04/24/2012,0.614
04/23/2012,0.258
04/20/2012,-0.541
04/19/2012,-1.342
04/18/2012,-0.348
04/17/2012,0.577
04/16/2012,-2.967
04/13/2012,-4.057
04/12/2012,2.367
04/11/2012,1.452
04/10/2012,-0.631
04/09/2012,-0.234
04/05/2012,-0.446
04/04/2012,-1.162
04/03/2012,-0.665
04/02/2012,0.886
03/30/2012,-1.106
03/29/2012,-1.121
03/28/2012,1.351
03/27/2012,-0.356
03/26/2012,1.049
03/23/2012,-0.536
03/22/2012,0.948
03/21/2012,1.024
03/20/2012,-0.077
03/19/2012,1.43
03/16/2012,0.629
03/15/2012,0.834
03/14/2012,-0.29
03/13/2012,2.087
03/12/2012,0.816
03/09/2012,-1.135
03/08/2012,0.056
03/07/2012,0.304
03/06/2012,-1.512
03/05/2012,-1.127
03/02/2012,-0.185
03/01/2012,0.671
02/29/2012,-0.023
02/28/2012,1.49
02/27/2012,-0.097
02/24/2012,0.625
02/23/2012,-0.301
02/22/2012,-0.987
02/21/2012,1.548
02/17/2012,-0.31
02/16/2012,0.159
02/15/2012,-0.689
02/14/2012,-0.399
02/13/2012,1.038
02/10/2012,-0.908
02/09/2012,0.264
02/08/2012,0.508
02/07/2012,-0.381
02/06/2012,2.14
02/03/2012,1.918
02/02/2012,0.737
02/01/2012,0.124
01/31/2012,0.419
01/30/2012,-0.395
01/27/2012,2.091
01/26/2012,-0.244
01/25/2012,-1.969
01/24/2012,-0.784
01/23/2012,-0.08
01/20/2012,-8.378
01/19/2012,1.052
01/18/2012,0.689
01/17/2012,0.574
01/13/2012,-0.739
01/12/2012,0.588
01/11/2012,0.453
01/10/2012,0.109
01/09/2012,-4.24
01/06/2012,-1.364
01/05/2012,-1.387
01/04/2012,0.431
01/03/2012,3.021
12/30/2011,0.545
12/29/2011,0.422
12/28/2011,-0.086
12/27/2011,1.123
12/23/2011,0.546
12/22/2011,0.62
12/21/2011,-0.722
12/20/2011,1.373
12/19/2011,-0.66
12/16/2011,1.036
12/15/2011,0.238
12/14/2011,-1.208
12/13/2011,0.038
12/12/2011,-0.324
12/09/2011,1.846
12/08/2011,-1.177
12/07/2011,-0.061
12/06/2011,-0.3
12/05/2011,0.853
12/02/2011,1.074
12/01/2011,2.399
11/30/2011,2.824
11/29/2011,-0.894
11/28/2011,4.474
11/25/2011,-1.247
11/23/2011,-1.705
11/22/2011,-0.162
11/21/2011,-2.343
11/18/2011,-0.997
11/17/2011,-1.734
11/16/2011,-0.826
11/15/2011,0.581
11/14/2011,0.764
11/11/2011,2.23
11/10/2011,-0.977
11/09/2011,-1.86
11/08/2011,0.659
11/07/2011,2.045
11/04/2011,-0.228
11/03/2011,2.168
11/02/2011,1.066
11/01/2011,-2.361
10/31/2011,-1.25
10/28/2011,0.246
10/27/2011,2.108
10/26/2011,0.54
10/25/2011,-2.223
10/24/2011,1.004
10/21/2011,1.168
10/20/2011,0.511
10/19/2011,-1.661
10/18/2011,1.391
10/17/2011,-1.567
10/14/2011,5.848
10/13/2011,1.912
10/12/2011,0.979
10/11/2011,1.119
10/10/2011,4.281
10/07/2011,0.08
10/06/2011,1.983
10/05/2011,0.558
10/04/2011,1.288
10/03/2011,-3.79
09/30/2011,-2.362
09/29/2011,-0.253
09/28/2011,-1.947
09/27/2011,1.401
09/26/2011,1.214
09/23/2011,0.932
09/22/2011,-3.438
09/21/2011,-1.359
09/20/2011,-0.007
09/19/2011,-0.002
09/16/2011,0.759
09/15/2011,1.972
09/14/2011,0.482
09/13/2011,-0.113
09/12/2011,1.004
09/09/2011,-1.89
09/08/2011,0.174
09/07/2011,2.269
09/06/2011,-0.507
09/02/2011,-1.439
09/01/2011,-1.564
08/31/2011,0.048
08/30/2011,0.301
08/29/2011,2.319
08/26/2011,1.311
08/25/2011,-0.621
08/24/2011,0.862
08/23/2011,4.145
08/22/2011,1.477
08/19/2011,-2.765
08/18/2011,-5.302
08/17/2011,-1.085
08/16/2011,-3.272
08/15/2011,-1.16
08/12/2011,0.292
08/11/2011,2.39
08/10/2011,-4.255
08/09/2011,5.016
08/08/2011,-5.703
08/05/2011,0.263
08/04/2011,-3.934
08/03/2011,1.48
08/02/2011,-2.368
08/01/2011,0.51
07/29/2011,-1.187
07/28/2011,0.613
07/27/2011,-2.458
07/26/2011,0.572
07/25/2011,0.121
07/22/2011,1.852
07/21/2011,1.955
07/20/2011,-1.195
07/19/2011,1.279
07/18/2011,-0.448
07/15/2011,12.984
07/14/2011,-1.732
07/13/2011,0.796
07/12/2011,1.276
07/11/2011,-0.885
07/08/2011,-2.673
07/07/2011,2.1
07/06/2011,0.548
07/05/2011,2.19
07/01/2011,2.893
06/30/2011,1.771
06/29/2011,0.794
06/28/2011,2.247
06/27/2011,1.668
06/24/2011,-1.112
06/23/2011,-1.394
06/22/2011,-1.215
06/21/2011,1.738
06/20/2011,-0.091
06/17/2011,-3.068
06/16/2011,-0.513
06/15/2011,-1.066
06/14/2011,0.721
06/13/2011,-0.938
06/10/2011,-1.397
06/09/2011,-0.47
06/08/2011,0.027
06/07/2011,-0.39
06/06/2011,-0.386
06/03/2011,-0.943
06/02/2011,0.468
06/01/2011,-0.646
05/31/2011,1.559
05/27/2011,0.535
05/26/2011,-0.296
05/25/2011,0.272
05/24/2011,-0.025
05/23/2011,-1.076
05/20/2011,-1.359
05/19/2011,0.272
05/18/2011,-0.123
05/17/2011,2.322
05/16/2011,-2.102
05/13/2011,-1.028
05/12/2011,-0.075
05/11/2011,-1.329
05/10/2011,0.926
05/09/2011,0.445
05/06/2011,0.193
05/05/2011,-0.284
05/04/2011,0.356
05/03/2011,-0.867
05/02/2011,-1.018
04/29/2011,1.139
04/28/2011,0.039
04/27/2011,0.927
04/26/2011,1.48
04/25/2011,-0.01
04/21/2011,-0.12
04/20/2011,0.805
04/19/2011,-1.008
04/18/2011,-0.727
04/15/2011,-8.264
04/14/2011,0.387
04/13/2011,0.994
04/12/2011,-1.171
04/11/2011,-0.137
04/08/2011,-0.317
04/07/2011,1.014
04/06/2011,0.894
04/05/2011,-3.163
04/04/2011,-0.696
04/01/2011,0.859
03/31/2011,0.846
03/30/2011,0.019
03/29/2011,1.107
03/28/2011,-0.756
03/25/2011,-1.218
03/24/2011,0.812
03/23/2011,0.838
03/22/2011,0.142
03/21/2011,2.752
03/18/2011,-0.053
03/17/2011,0.765
03/16/2011,-2.188
03/15/2011,-0.075
03/14/2011,-1.165
03/11/2011,-0.619
03/10/2011,-1.938
03/09/2011,-0.091
03/08/2011,0.11
03/07/2011,-1.492
03/04/2011,-1.467
03/03/2011,1.46
03/02/2011,0.005
03/01/2011,-2.061
02/28/2011,0.551
02/25/2011,0.2
02/24/2011,-0.409
02/23/2011,0.182
02/22/2011,-3.154
02/18/2011,0.771
02/17/2011,0.167
02/16/2011,0.011
02/15/2011,-0.637
02/14/2011,0.584
02/11/2011,1.308
02/10/2011,-0.01
02/09/2011,-0.304
02/08/2011,0.666
02/07/2011,0.542
02/04/2011,0.136
02/03/2011,-0.302
02/02/2011,0.157
02/01/2011,1.779
01/31/2011,-0.105
01/28/2011,-2.562
01/27/2011,0.047
01/26/2011,-0.55
01/25/2011,1.445
01/24/2011,-0.123
01/21/2011,-2.384
01/20/2011,-0.788
01/19/2011,-1.232
01/18/2011,2.475
01/14/2011,1.215
01/13/2011,-0.029
01/12/2011,0.14
01/11/2011,0.293
01/10/2011,-0.362
01/07/2011,0.479
01/06/2011,0.727
01/05/2011,1.154
01/04/2011,-0.369
01/03/2011,1.748
12/31/2010,-0.817
12/30/2010,-0.356
12/29/2010,0.347
12/28/2010,-0.574
12/27/2010,-0.306
12/23/2010,-0.208
12/22/2010,0.401
12/21/2010,1.346
12/20/2010,0.721
12/17/2010,-0.154
12/16/2010,0.239
12/15/2010,-0.775
12/14/2010,0.049
12/13/2010,0.407
12/10/2010,0.12
12/09/2010,0.163
12/08/2010,0.579
12/07/2010,1.518
12/06/2010,0.935
12/03/2010,0.206
12/02/2010,1.324
12/01/2010,1.555
11/30/2010,-4.535
11/29/2010,-1.337
11/26/2010,-0.835
11/24/2010,2.051
11/23/2010,-1.389
11/22/2010,0.066
11/19/2010,-0.96
11/18/2010,2.229
11/17/2010,-0.029
11/16/2010,-1.973
11/15/2010,-1.296
11/12/2010,-2.252
11/11/2010,-0.914
11/10/2010,-0.31
11/09/2010,-0.311
11/08/2010,0.27
11/05/2010,0.13
11/04/2010,0.659
11/03/2010,0.744
11/02/2010,0.098
11/01/2010,0.212
10/29/2010,-0.789
10/28/2010,0.342
10/27/2010,-0.344
10/26/2010,0.341
10/25/2010,0.648
10/22/2010,0.088
10/21/2010,0.66
10/20/2010,0.025
10/19/2010,-1.599
10/18/2010,2.703
10/15/2010,11.188
10/14/2010,-0.436
10/13/2010,0.353
10/12/2010,0.473
10/11/2010,0.464
10/08/2010,1.196
10/07/2010,-0.812
10/06/2010,-0.721
10/05/2010,3.04
10/04/2010,-0.622
10/01/2010,-0.032
09/30/2010,-0.36
09/29/2010,0.099
09/28/2010,-0.611
09/27/2010,0.592
09/24/2010,2.689
09/23/2010,-0.488
09/22/2010,0.495
09/21/2010,1.019
09/20/2010,3.699
09/17/2010,1.89
09/16/2010,0.087
09/15/2010,0.044
09/14/2010,-0.382
09/13/2010,1.287
09/10/2010,-0.008
09/09/2010,1.19
09/08/2010,1.331
09/07/2010,-1.255
09/03/2010,1.537
09/02/2010,0.619
09/01/2010,2.291
08/31/2010,-0.59
08/30/2010,-1.338
08/27/2010,1.741
08/26/2010,-0.801
08/25/2010,0.716
08/24/2010,-2.732
08/23/2010,0.444
08/20/2010,-1.271
08/19/2010,-2.941
08/18/2010,-1.706
08/17/2010,1.015
08/16/2010,-0.156
08/13/2010,-1.15
08/12/2010,0.055
08/11/2010,-2.376
08/10/2010,-0.325
08/09/2010,1.026
08/06/2010,-1.551
08/05/2010,0.352
08/04/2010,3.366
08/03/2010,-0.118
08/02/2010,1.147
07/30/2010,-0.029
07/29/2010,0.132
07/28/2010,-1.681
07/27/2010,0.749
07/26/2010,-0.222
07/23/2010,1.083
07/22/2010,1.531
07/21/2010,-0.849
07/20/2010,3.306
07/19/2010,1.429
07/16/2010,-6.965
07/15/2010,0.545
07/14/2010,0.437
07/13/2010,2.81
07/12/2010,1.784
07/09/2010,2.394
07/08/2010,1.413
07/07/2010,3.24
07/06/2010,-0.11
07/02/2010,-0.669
07/01/2010,-1.227
06/30/2010,-2.049
06/29/2010,-3.775
06/28/2010,-0.127
06/25/2010,-0.509
06/24/2010,-1.442
06/23/2010,-0.864
06/22/2010,-0.473
06/21/2010,-2.294
06/18/2010,-0.01
06/17/2010,-0.237
06/16/2010,0.659
06/15/2010,3.063
06/14/2010,-1.087
06/11/2010,0.306
06/10/2010,2.74
06/09/2010,-2.22
06/08/2010,-0.152
06/07/2010,-2.647
06/04/2010,-1.361
06/03/2010,2.479
06/02/2010,2.28
06/01/2010,-0.671
05/28/2010,-0.985
05/27/2010,3.153
05/26/2010,-0.335
05/25/2010,-0.019
05/24/2010,1.083
05/21/2010,-0.623
05/20/2010,-3.928
05/19/2010,-0.791
05/18/2010,-1.89
05/17/2010,0.087
05/14/2010,-0.656
05/13/2010,1.086
05/12/2010,-0.719
05/11/2010,-2.415
05/10/2010,5.781
05/07/2010,-1.109
05/06/2010,-2.176
05/05/2010,0.669
05/04/2010,-4.567
05/03/2010,0.932
04/30/2010,-1.184
04/29/2010,0.531
04/28/2010,0.025
04/27/2010,-0.485
04/26/2010,-2.45
04/23/2010,-0.378
04/22/2010,-1.306
04/21/2010,-0.133
04/20/2010,0.898
04/19/2010,-0.009
04/16/2010,-7.584
04/15/2010,1.07
04/14/2010,0.38
04/13/2010,2.451
04/12/2010,1.15
04/09/2010,-0.224
04/08/2010,0.701
04/07/2010,-0.824
04/06/2010,-0.489
04/05/2010,0.389
04/01/2010,0.296
03/31/2010,0.072
03/30/2010,0.757
03/29/2010,-0.043
03/26/2010,-0.034
03/25/2010,0.996
03/24/2010,1.517
03/23/2010,-1.525
03/22/2010,-0.446
03/19/2010,-1.13
03/18/2010,0.149
03/17/2010,0.064
03/16/2010,0.359
03/15/2010,-2.823
03/12/2010,-0.275
03/11/2010,0.814
03/10/2010,2.903
03/09/2010,-0.407
03/08/2010,-0.307
03/05/2010,1.735
03/04/2010,1.7
03/03/2010,0.787
03/02/2010,1.571
03/01/2010,1.118
02/26/2010,0.07
02/25/2010,-0.948
02/24/2010,-0.673
02/23/2010,-1.424
02/22/2010,0.377
02/19/2010,-0.453
02/18/2010,0.931
02/17/2010,-0.571
02/16/2010,1.534
02/12/2010,-0.611
02/11/2010,0.365
02/10/2010,-0.371
02/09/2010,0.557
02/08/2010,0.41
02/05/2010,0.856
02/04/2010,-2.596
02/03/2010,1.826
02/02/2010,-0.356
02/01/2010,0.581
01/29/2010,-0.814
01/28/2010,-1.441
01/27/2010,-0.059
01/26/2010,0.448
01/25/2010,-1.82
01/22/2010,-5.655
01/21/2010,0.443
01/20/2010,-1.227
01/19/2010,1.314
01/15/2010,-1.67
01/14/2010,0.47
01/13/2010,-0.574
01/12/2010,-1.768
01/11/2010,-0.151
01/08/2010,1.333
01/07/2010,-2.328
01/06/2010,-2.521
01/05/2010,-0.44
01/04/2010,1.092
12/31/2009,-0.442
12/30/2009,0.538
12/29/2009,-0.557
12/28/2009,0.71
12/24/2009,1.112
12/23/2009,1.757
12/22/2009,0.408
12/21/2009,0.379
12/18/2009,0.418
12/17/2009,-0.639
12/16/2009,0.779
12/15/2009,-0.435
12/14/2009,0.884
12/11/2009,-0.167
12/10/2009,0.421
12/09/2009,0.336
12/08/2009,0.136
12/07/2009,0.212
12/04/2009,-0.125
12/03/2009,-0.301
12/02/2009,-0.4
12/01/2009,1.178
11/30/2009,0.559
11/27/2009,-1.021
11/25/2009,0.454
11/24/2009,0.127
11/23/2009,2.174
11/20/2009,-0.529
11/19/2009,-0.635
11/18/2009,-0.145
11/17/2009,0.21
11/16/2009,0.739
11/13/2009,0.74
11/12/2009,-0.475
11/11/2009,0.67
11/10/2009,0.756
11/09/2009,2.07
11/06/2009,0.447
11/05/2009,1.54
11/04/2009,0.566
11/03/2009,0.618
11/02/2009,-0.397
10/30/2009,-2.709
10/29/2009,1.99
10/28/2009,-1.457
10/27/2009,-1.068
10/26/2009,0.094
10/23/2009,-0.072
10/22/2009,0.543
10/21/2009,-0.112
10/20/2009,-0.067
10/19/2009,0.407
10/16/2009,3.763
10/15/2009,-1.011
10/14/2009,1.751
10/13/2009,0.395
10/12/2009,1.509
10/09/2009,0.403
10/08/2009,-0.649
10/07/2009,3.769
10/06/2009,2.092
10/05/2009,0.813
10/02/2009,-0.538
10/01/2009,-1.744
09/30/2009,-0.538
09/29/2009,0.0
09/28/2009,1.228
09/25/2009,-0.864
09/24/2009,-0.339
09/23/2009,-0.12
09/22/2009,0.414
09/21/2009,1.127
09/18/2009,-0.053
09/17/2009,0.702
09/16/2009,2.251
09/15/2009,0.509
09/14/2009,0.631
09/11/2009,0.255
09/10/2009,1.502
09/09/2009,1.167
09/08/2009,-0.581
09/04/2009,0.826
09/03/2009,0.996
09/02/2009,-0.603
09/01/2009,-1.28
08/31/2009,-0.663
08/28/2009,-0.281
08/27/2009,-0.415
08/26/2009,-0.715
08/25/2009,0.563
08/24/2009,0.75
08/21/2009,1.049
08/20/2009,3.703
08/19/2009,-0.294
08/18/2009,0.088
08/17/2009,-3.285
08/14/2009,-0.493
08/13/2009,0.807
08/12/2009,1.022
08/11/2009,-0.585
08/10/2009,-0.107
08/07/2009,1.497
08/06/2009,-0.173
08/05/2009,-0.571
08/04/2009,0.336
08/03/2009,2.067
07/31/2009,-0.581
07/30/2009,2.155
07/29/2009,-0.821
07/28/2009,-1.113
07/27/2009,-0.43
07/24/2009,2.145
07/23/2009,2.256
07/22/2009,-0.049
07/21/2009,-0.528
07/20/2009,-0.019
07/17/2009,-2.79
07/16/2009,1.011
07/15/2009,3.174
07/14/2009,0.092
07/13/2009,2.389
07/10/2009,0.977
07/09/2009,1.963
07/08/2009,1.477
07/07/2009,-3.169
07/06/2009,0.274
07/02/2009,-2.506
07/01/2009,-0.617
06/30/2009,-0.601
06/29/2009,-0.277
06/26/2009,2.297
06/25/2009,1.583
06/24/2009,0.89
06/23/2009,-0.41
06/22/2009,-3.033
06/19/2009,1.456
06/18/2009,-0.265
06/17/2009,-0.202
06/16/2009,-0.185
06/15/2009,-1.9
06/12/2009,-0.97
06/11/2009,-0.832
06/10/2009,-0.693
06/09/2009,-0.718
06/08/2009,-1.249
06/05/2009,0.918
06/04/2009,1.999
06/03/2009,0.759
06/02/2009,0.431
06/01/2009,2.236
05/29/2009,1.664
05/28/2009,1.193
05/27/2009,0.297
05/26/2009,2.76
05/22/2009,-0.757
05/21/2009,-0.171
05/20/2009,-0.426
05/19/2009,0.514
05/18/2009,1.754
05/15/2009,0.645
05/14/2009,-0.524
05/13/2009,-2.373
05/12/2009,-2.199
05/11/2009,0.16
05/08/2009,2.703
05/07/2009,-1.7
05/06/2009,0.119
05/05/2009,0.251
05/04/2009,2.106
05/01/2009,-0.576
04/30/2009,1.15
04/29/2009,2.022
04/28/2009,-0.58
04/27/2009,-0.909
04/24/2009,1.248
04/23/2009,0.216
04/22/2009,0.627
04/21/2009,0.572
04/20/2009,-3.299
04/17/2009,0.9
04/16/2009,2.435
04/15/2009,2.871
04/14/2009,-2.433
04/13/2009,1.506
04/09/2009,2.901
04/08/2009,0.934
04/07/2009,-2.604
04/06/2009,-0.416
04/03/2009,2.008
04/02/2009,2.375
04/01/2009,1.732
03/31/2009,1.567
03/30/2009,-1.441
03/27/2009,-1.582
03/26/2009,2.68
03/25/2009,-0.893
03/24/2009,-0.41
03/23/2009,5.585
03/20/2009,0.067
03/19/2009,-0.949
03/18/2009,-0.668
03/17/2009,4.895
03/16/2009,-1.458
03/13/2009,0.275
03/12/2009,1.768
03/11/2009,3.161
03/10/2009,5.94
03/09/2009,-5.73
03/06/2009,0.959
03/05/2009,-4.164
03/04/2009,-2.015
03/03/2009,-0.514
03/02/2009,-3.204
02/27/2009,0.24
02/26/2009,-1.305
02/25/2009,-1.103
02/24/2009,4.663
02/23/2009,-4.731
02/20/2009,1.112
02/19/2009,-2.965
02/18/2009,3.05
02/17/2009,-4.199
02/13/2009,-1.479
02/12/2009,1.399
02/11/2009,-0.131
02/10/2009,-5.349
02/09/2009,2.017
02/06/2009,4.964
02/05/2009,3.125
02/04/2009,0.749
02/03/2009,-0.035
02/02/2009,0.603
01/30/2009,-1.395
01/29/2009,-1.534
01/28/2009,5.186
01/27/2009,2.35
01/26/2009,-0.256
01/23/2009,5.938
01/22/2009,1.128
01/21/2009,7.19
01/20/2009,-5.646
01/16/2009,0.227
01/15/2009,-0.658
01/14/2009,-4.247
01/13/2009,0.521
01/12/2009,-0.755
01/09/2009,-3.112
01/08/2009,0.988
01/07/2009,-3.607
01/06/2009,1.832
01/05/2009,2.094
01/02/2009,4.443
12/31/2008,1.498
12/30/2008,1.913
12/29/2008,-0.979
12/26/2008,-0.855
12/24/2008,1.654
12/23/2008,0.306
12/22/2008,-4.211
12/19/2008,-0.035
12/18/2008,-1.573
12/17/2008,-3.087
12/16/2008,4.703
12/15/2008,-1.612
12/12/2008,5.176
12/11/2008,-2.785
12/10/2008,0.931
12/09/2008,1.278
12/08/2008,6.381
12/05/2008,3.518
12/04/2008,-1.822
12/03/2008,1.57
12/02/2008,3.429
12/01/2008,-9.206
11/28/2008,0.298
11/26/2008,3.56
11/25/2008,9.56
11/24/2008,-1.901
11/21/2008,1.106
11/20/2008,-7.36
11/19/2008,-5.797
11/18/2008,-0.9
11/17/2008,-3.193
11/14/2008,-0.66
11/13/2008,7.244
11/12/2008,-6.569
11/11/2008,-2.296
11/10/2008,-3.733
11/07/2008,-0.024
11/06/2008,-3.22
11/05/2008,-6.731
11/04/2008,5.902
11/03/2008,-3.581
10/31/2008,-0.092
10/30/2008,0.472
10/29/2008,-2.915
10/28/2008,11.915
10/27/2008,-2.888
10/24/2008,-3.698
10/23/2008,-0.942
10/22/2008,-1.952
10/21/2008,-4.368
10/20/2008,1.82
10/17/2008,5.529
10/16/2008,4.083
10/15/2008,-6.49
10/14/2008,-4.806
10/13/2008,14.765
10/10/2008,0.918
10/09/2008,-2.7
10/08/2008,-2.283
10/07/2008,-6.789
10/06/2008,-4.058
10/03/2008,-0.917
10/02/2008,-5.156
10/01/2008,2.796
09/30/2008,5.123
09/29/2008,-11.609
09/26/2008,-1.947
09/25/2008,1.032
09/24/2008,1.36
09/23/2008,-0.202
09/22/2008,-4.232
09/19/2008,2.293
09/18/2008,5.933
09/17/2008,-6.421
09/16/2008,2.091
09/15/2008,-0.868
09/12/2008,0.901
09/11/2008,4.73
09/10/2008,-1.075
09/09/2008,-0.307
09/08/2008,-5.47
09/05/2008,-1.335
09/04/2008,-3.047
09/03/2008,-0.181
09/02/2008,0.423
08/29/2008,-2.214
08/28/2008,1.11
08/27/2008,-1.177
08/26/2008,-1.832
08/25/2008,-1.545
08/22/2008,0.834
08/21/2008,0.315
08/20/2008,-1.121
08/19/2008,-1.565
08/18/2008,-2.323
08/15/2008,0.922
08/14/2008,1.092
08/13/2008,-0.513
08/12/2008,0.353
08/11/2008,1.178
08/08/2008,3.316
08/07/2008,-1.485
08/06/2008,1.353
08/05/2008,3.639
08/04/2008,-1.039
08/01/2008,-1.243
07/31/2008,-1.854
07/30/2008,-0.085
07/29/2008,1.255
07/28/2008,-3.02
07/25/2008,3.44
07/24/2008,-2.78
07/23/2008,2.538
07/22/2008,1.773
07/21/2008,-2.601
07/18/2008,-9.771
07/17/2008,-0.403
07/16/2008,3.78
07/15/2008,-1.06
07/14/2008,-2.282
07/11/2008,-1.252
07/10/2008,-0.181
07/09/2008,-2.341
07/08/2008,1.953
07/07/2008,1.287
07/03/2008,1.89
07/02/2008,-1.438
07/01/2008,1.579
06/30/2008,-0.312
06/27/2008,-0.142
06/26/2008,-4.025
06/25/2008,1.604
06/24/2008,-0.534
06/23/2008,-0.223
06/20/2008,-2.458
06/19/2008,-0.388
06/18/2008,-1.243
06/17/2008,-0.585
06/16/2008,0.227
06/13/2008,3.357
06/12/2008,1.421
06/11/2008,-1.619
06/10/2008,-0.663
06/09/2008,-1.61
06/06/2008,-3.292
06/05/2008,2.461
06/04/2008,0.867
06/03/2008,-1.339
06/02/2008,-1.844
05/30/2008,0.48
05/29/2008,2.597
05/28/2008,1.309
05/27/2008,2.989
05/23/2008,-0.881
05/22/2008,-0.096
05/21/2008,-4.945
05/20/2008,0.187
05/19/2008,-0.44
05/16/2008,-0.16
05/15/2008,0.816
05/14/2008,-1.149
05/13/2008,-0.332
05/12/2008,2.048
05/09/2008,-1.683
05/08/2008,0.693
05/07/2008,-1.255
05/06/2008,-1.436
05/05/2008,2.341
05/02/2008,-1.988
05/01/2008,3.272
04/30/2008,2.833
04/29/2008,1.15
04/28/2008,1.481
04/25/2008,0.188
04/24/2008,-0.631
04/23/2008,-1.533
04/22/2008,3.2
04/21/2008,-0.3
04/18/2008,19.992
04/17/2008,-1.207
04/16/2008,1.833
04/15/2008,-1.067
04/14/2008,-1.266
04/11/2008,-2.479
04/10/2008,1.053
04/09/2008,-0.774
04/08/2008,-1.89
04/07/2008,1.216
04/04/2008,3.509
04/03/2008,-2.272
04/02/2008,-0.002
04/01/2008,5.73
03/31/2008,0.546
03/28/2008,-1.351
03/27/2008,-3.08
03/26/2008,1.644
03/25/2008,-2.123
03/24/2008,6.23
03/20/2008,0.359
03/19/2008,-1.63
03/18/2008,4.594
03/17/2008,-4.122
03/14/2008,-1.149
03/13/2008,0.643
03/12/2008,0.077
03/11/2008,6.339
03/10/2008,-4.553
03/07/2008,0.15
03/06/2008,-3.35
03/05/2008,0.697
03/04/2008,-2.718
03/03/2008,-3.005
02/29/2008,-0.886
02/28/2008,0.535
02/27/2008,1.868
02/26/2008,-4.574
02/25/2008,-4.206
02/22/2008,0.982
02/21/2008,-1.206
02/20/2008,0.01
02/19/2008,-3.906
02/15/2008,-0.49
02/14/2008,-0.443
02/13/2008,3.191
02/12/2008,-0.589
02/11/2008,0.865
02/08/2008,2.325
02/07/2008,0.646
02/06/2008,-1.004
02/05/2008,2.295
02/04/2008,-3.968
02/01/2008,-8.577
01/31/2008,2.924
01/30/2008,-0.409
01/29/2008,-0.982
01/28/2008,-1.84
01/25/2008,-1.408
01/24/2008,4.715
01/23/2008,-6.114
01/22/2008,-2.649
01/18/2008,-0.09
01/17/2008,-2.461
01/16/2008,-3.403
01/15/2008,-2.473
01/14/2008,2.439
01/11/2008,-1.311
01/10/2008,-0.991
01/09/2008,3.407
01/08/2008,-2.706
01/07/2008,-1.18
01/04/2008,-4.134
01/03/2008,0.02
01/02/2008,-0.91
12/31/2007,-1.573
12/28/2007,0.255
12/27/2007,-1.421
12/26/2007,1.443
12/24/2007,0.58
12/21/2007,1.015
12/20/2007,1.819
12/19/2007,0.597
12/18/2007,0.616
12/17/2007,-3.005
12/14/2007,-0.589
12/13/2007,-0.758
12/12/2007,0.021
12/11/2007,-2.675
12/10/2007,0.497
12/07/2007,-0.055
12/06/2007,2.398
12/05/2007,2.097
12/04/2007,0.386
12/03/2007,-1.655
11/30/2007,-0.574
11/29/2007,0.685
11/28/2007,2.775
11/27/2007,1.137
11/26/2007,-1.581
11/23/2007,2.45
11/21/2007,1.847
11/20/2007,3.625
11/19/2007,-1.228
11/16/2007,0.632
11/15/2007,-1.875
11/14/2007,-2.857
11/13/2007,4.506
11/12/2007,-4.804
11/09/2007,-4.305
11/08/2007,-5.335
11/07/2007,-1.193
11/06/2007,2.224
11/05/2007,2.025
11/02/2007,1.143
11/01/2007,-0.536
10/31/2007,1.76
10/30/2007,2.288
10/29/2007,0.686
10/26/2007,0.911
10/25/2007,-1.082
10/24/2007,0.007
10/23/2007,3.845
10/22/2007,0.937
10/19/2007,0.796
10/18/2007,0.969
10/17/2007,2.838
10/16/2007,-0.663
10/15/2007,-2.711
10/12/2007,2.474
10/11/2007,-0.542
10/10/2007,1.66
10/09/2007,0.912
10/08/2007,2.621
10/05/2007,2.594
10/04/2007,-0.854
10/03/2007,-0.063
10/02/2007,0.316
10/01/2007,2.694
09/28/2007,-0.041
09/27/2007,-0.116
09/26/2007,-0.148
09/25/2007,0.173
09/24/2007,1.414
09/21/2007,1.315
09/20/2007,1.094
09/19/2007,2.163
09/18/2007,1.898
09/17/2007,-0.652
09/14/2007,0.757
09/13/2007,0.408
09/12/2007,0.253
09/11/2007,1.331
09/10/2007,-0.938
09/07/2007,-0.797
09/06/2007,-0.811
09/05/2007,0.505
09/04/2007,1.921
08/31/2007,0.753
08/30/2007,-0.289
08/29/2007,1.28
08/28/2007,-1.337
08/27/2007,-0.338
08/24/2007,0.549
08/23/2007,-0.109
08/22/2007,1.212
08/21/2007,1.745
08/20/2007,-0.424
08/17/2007,1.733
08/16/2007,-1.212
08/15/2007,-2.173
08/14/2007,-1.339
08/13/2007,-0.048
08/10/2007,0.198
08/09/2007,-2.102
08/08/2007,1.891
08/07/2007,1.18
08/06/2007,1.392
08/03/2007,-1.567
08/02/2007,-0.376
08/01/2007,0.576
07/31/2007,-1.184
07/30/2007,0.824
07/27/2007,0.766
07/26/2007,-0.345
07/25/2007,-0.825
07/24/2007,0.291
07/23/2007,-1.463
07/20/2007,-5.19
07/19/2007,-0.166
07/18/2007,-0.991
07/17/2007,0.363
07/16/2007,0.15
07/13/2007,1.252
07/12/2007,0.158
07/11/2007,0.208
07/10/2007,0.144
07/09/2007,0.586
07/06/2007,-0.412
07/05/2007,1.364
07/03/2007,0.747
07/02/2007,1.469
06/29/2007,-0.44
06/28/2007,-0.243
06/27/2007,-0.749
06/26/2007,0.538
06/25/2007,0.465
06/22/2007,2.114
06/21/2007,0.812
06/20/2007,-0.844
06/19/2007,-0.173
06/18/2007,1.84
06/15/2007,0.607
06/14/2007,-0.475
06/13/2007,0.093
06/12/2007,-1.285
06/11/2007,-0.805
06/08/2007,0.083
06/07/2007,-0.616
06/06/2007,-0.114
06/05/2007,2.321
06/04/2007,1.333
06/01/2007,0.5
05/31/2007,-0.138
05/30/2007,2.359
05/29/2007,0.742
05/25/2007,1.937
05/24/2007,0.076
05/23/2007,-0.397
05/22/2007,1.118
05/21/2007,0.06
05/18/2007,-0.136
05/17/2007,-0.349
05/16/2007,3.19
05/15/2007,-0.819
05/14/2007,-1.063
05/11/2007,1.142
05/10/2007,-1.658
05/09/2007,0.523
05/08/2007,-0.098
05/07/2007,-0.817
05/04/2007,-0.446
05/03/2007,1.599
05/02/2007,-0.687
05/01/2007,-0.505
04/30/2007,-1.593
04/27/2007,-0.451
04/26/2007,0.667
04/25/2007,0.096
04/24/2007,-0.324
04/23/2007,-0.705
04/20/2007,2.296
04/19/2007,-0.916
04/18/2007,0.679
04/17/2007,-0.31
04/16/2007,1.711
04/13/2007,-0.235
04/12/2007,0.616
04/11/2007,-0.422
04/10/2007,-0.365
04/09/2007,-0.7
04/05/2007,0.104
04/04/2007,-0.334
04/03/2007,3.069
04/02/2007,0.081
03/30/2007,-0.599
03/29/2007,-0.208
03/28/2007,-0.375
03/27/2007,-0.297
03/26/2007,0.686
03/23/2007,-0.045
03/22/2007,1.203
03/21/2007,2.531
03/20/2007,-0.436
03/19/2007,1.447
03/16/2007,-1.197
03/15/2007,-0.404
03/14/2007,1.122
03/13/2007,-2.577
03/12/2007,0.395
03/09/2007,-0.387
03/08/2007,-0.202
03/07/2007,-0.417
03/06/2007,3.765
03/05/2007,0.517
03/02/2007,-2.131
03/01/2007,-0.271
02/28/2007,0.152
02/27/2007,-3.476
02/26/2007,-1.209
02/23/2007,-1.099
02/22/2007,-0.002
02/21/2007,0.796
02/20/2007,0.46
02/16/2007,1.835
02/15/2007,-0.957
02/14/2007,1.488
02/13/2007,0.177
02/12/2007,-0.779
02/09/2007,-1.94
02/08/2007,0.217
02/07/2007,-0.312
02/06/2007,0.925
02/05/2007,-2.978
02/02/2007,-0.052
02/01/2007,-3.938
01/31/2007,1.453
01/30/2007,0.376
01/29/2007,-0.68
01/26/2007,1.588
01/25/2007,-2.2
01/24/2007,4.179
01/23/2007,-0.372
01/22/2007,-1.819
01/19/2007,0.394
01/18/2007,-1.9
01/17/2007,-1.388
01/16/2007,-0.143
01/12/2007,1.057
01/11/2007,2.096
01/10/2007,0.816
01/09/2007,0.397
01/08/2007,-0.741
01/05/2007,0.813
01/04/2007,3.351
01/03/2007,1.544
12/29/2006,-0.45
12/28/2006,-1.169
12/27/2006,2.295
12/26/2006,0.428
12/22/2006,-0.136
12/21/2006,-1.447
12/20/2006,-1.223
12/19/2006,1.26
12/18/2006,-3.644
12/15/2006,-0.377
12/14/2006,0.653
12/13/2006,-0.579
12/12/2006,-0.444
12/11/2006,-0.037
12/08/2006,0.305
12/07/2006,-1.242
12/06/2006,0.351
12/05/2006,0.443
12/04/2006,0.842
12/01/2006,-0.827
11/30/2006,0.033
11/29/2006,-0.991
11/28/2006,0.98
11/27/2006,-4.01
11/24/2006,-0.593
11/22/2006,-0.322
11/21/2006,2.949
11/20/2006,-0.75
11/17/2006,0.583
11/16/2006,0.807
11/15/2006,0.538
11/14/2006,1.719
11/13/2006,1.58
11/10/2006,0.195
11/09/2006,-0.499
11/08/2006,0.514
11/07/2006,-0.918
11/06/2006,1.092
11/03/2006,0.402
11/02/2006,0.516
11/01/2006,-1.866
10/31/2006,-0.038
10/30/2006,0.288
10/27/2006,-2.041
10/26/2006,-0.308
10/25/2006,2.808
10/24/2006,-1.554
10/23/2006,4.592
10/20/2006,7.889
10/19/2006,1.61
10/18/2006,-0.316
10/17/2006,-0.263
10/16/2006,-1.299
10/13/2006,-0.033
10/12/2006,0.22
10/11/2006,-0.035
10/10/2006,-0.548
10/09/2006,2.021
10/06/2006,2.11
10/05/2006,-0.936
10/04/2006,2.886
10/03/2006,0.648
10/02/2006,-0.114
09/29/2006,-0.416
09/28/2006,0.164
09/27/2006,-0.971
09/26/2006,0.715
09/25/2006,0.05
09/22/2006,-0.755
09/21/2006,2.481
09/20/2006,-1.686
09/19/2006,-2.624
09/18/2006,1.174
09/15/2006,1.46
09/14/2006,-0.637
09/13/2006,3.743
09/12/2006,2.033
09/11/2006,1.651
09/08/2006,-0.169
09/07/2006,-0.434
09/06/2006,-1.098
09/05/2006,1.521
09/01/2006,0.018
08/31/2006,-0.583
08/30/2006,0.475
08/29/2006,-0.525
08/28/2006,2.06
08/25/2006,-0.126
08/24/2006,0.08
08/23/2006,-1.285
08/22/2006,0.262
08/21/2006,-1.581
08/18/2006,-0.632
08/17/2006,-0.495
08/16/2006,1.772
08/15/2006,3.124
08/14/2006,0.252
08/11/2006,-1.523
08/10/2006,-0.727
08/09/2006,-1.066
08/08/2006,0.807
08/07/2006,1.097
08/04/2006,-0.41
08/03/2006,2.222
08/02/2006,-2.205
08/01/2006,-2.869
07/31/2006,-0.392
07/28/2006,1.496
07/27/2006,-0.804
07/26/2006,-0.991
07/25/2006,-0.394
07/24/2006,0.203
07/21/2006,0.772
07/20/2006,-2.977
07/19/2006,-1.005
07/18/2006,-1.187
07/17/2006,1.088
07/14/2006,-1.304
07/13/2006,-2.018
07/12/2006,-1.722
07/11/2006,1.521
07/10/2006,-0.535
07/07/2006,-0.647
07/06/2006,0.41
07/05/2006,-0.411
07/03/2006,0.923
06/30/2006,0.364
06/29/2006,2.881
06/28/2006,0.942
06/27/2006,-0.47
06/26/2006,-0.158
06/23/2006,1.228
06/22/2006,-0.542
06/21/2006,3.864
06/20/2006,-0.25
06/19/2006,-0.655
06/16/2006,-0.077
06/15/2006,1.72
06/14/2006,-0.551
06/13/2006,1.305
06/12/2006,-1.301
06/09/2006,-1.711
06/08/2006,1.757
06/07/2006,-0.892
06/06/2006,4.153
06/05/2006,-1.318
06/02/2006,-0.831
06/01/2006,2.905
05/31/2006,-0.032
05/30/2006,-2.468
05/26/2006,-0.428
05/25/2006,0.456
05/24/2006,1.51
05/23/2006,1.248
05/22/2006,0.251
05/19/2006,-0.261
05/18/2006,-0.937
05/17/2006,0.862
05/16/2006,-1.302
05/15/2006,0.553
05/12/2006,-3.326
05/11/2006,-3.965
05/10/2006,-1.424
05/09/2006,3.551
05/08/2006,0.122
05/05/2006,-0.114
05/04/2006,0.147
05/03/2006,-0.16
05/02/2006,-1.028
05/01/2006,-4.556
04/28/2006,-0.498
04/27/2006,-1.394
04/26/2006,-0.279
04/25/2006,-3.028
04/24/2006,0.778
04/21/2006,5.325
04/20/2006,1.096
04/19/2006,1.549
04/18/2006,-0.634
04/17/2006,1.159
04/13/2006,-1.66
04/12/2006,-0.173
04/11/2006,-1.614
04/10/2006,2.516
04/07/2006,-1.221
04/06/2006,0.782
04/05/2006,0.903
04/04/2006,3.757
04/03/2006,-0.077
03/31/2006,0.402
03/30/2006,-1.656
03/29/2006,4.714
03/28/2006,2.031
03/27/2006,1.063
03/24/2006,6.993
03/23/2006,0.491
03/22/2006,0.088
03/21/2006,-2.375
03/20/2006,2.472
03/17/2006,0.301
03/16/2006,-1.663
03/15/2006,-1.897
03/14/2006,4.183
03/13/2006,-0.13
03/10/2006,-1.603
03/09/2006,-3.074
03/08/2006,-2.9
03/07/2006,-0.992
03/06/2006,-2.665
03/03/2006,0.46
03/02/2006,3.194
03/01/2006,0.601
02/28/2006,-7.111
02/27/2006,3.439
02/24/2006,-0.177
02/23/2006,3.442
02/22/2006,-0.3
02/21/2006,-0.586
02/17/2006,0.625
02/16/2006,7.033
02/15/2006,-0.274
02/14/2006,-0.688
02/13/2006,-4.663
02/10/2006,1.07
02/09/2006,-2.793
02/08/2006,0.315
02/07/2006,-4.461
02/06/2006,0.93
02/03/2006,-3.659
02/02/2006,-1.429
02/01/2006,-7.137
01/31/2006,1.368
01/30/2006,-1.539
01/27/2006,-0.18
01/26/2006,0.293
01/25/2006,-2.264
01/24/2006,3.633
01/23/2006,7.019
01/20/2006,-8.475
01/19/2006,-1.902
01/18/2006,-4.753
01/17/2006,0.184
01/13/2006,0.565
01/12/2006,-1.696
01/11/2006,0.398
01/10/2006,0.613
01/09/2006,0.266
01/06/2006,3.196
01/05/2006,1.348
01/04/2006,2.3
01/03/2006,4.91
12/30/2005,-1.259
12/29/2005,-1.533
12/28/2005,0.483
12/27/2005,-1.46
12/23/2005,-0.257
12/22/2005,1.339
12/21/2005,-0.794
12/20/2005,1.211
12/19/2005,-1.29
12/16/2005,1.799
12/15/2005,0.857
12/14/2005,0.352
12/13/2005,1.183
12/12/2005,0.833
12/09/2005,-0.353
12/08/2005,1.591
12/07/2005,-0.079
12/06/2005,-0.323
12/05/2005,-2.837
12/02/2005,0.872
12/01/2005,2.267
11/30/2005,0.339
11/29/2005,-4.709
11/28/2005,-1.199
11/25/2005,1.362
11/23/2005,1.534
11/22/2005,1.737
11/21/2005,2.286
11/18/2005,-0.803
11/17/2005,1.331
11/16/2005,1.362
11/15/2005,-1.05
11/14/2005,1.683
11/11/2005,-0.179
11/10/2005,3.152
11/09/2005,-2.757
11/08/2005,-1.299
11/07/2005,1.178
11/04/2005,1.161
11/03/2005,1.651
11/02/2005,0.079
11/01/2005,1.946
10/31/2005,3.9
10/28/2005,1.447
10/27/2005,-0.67
10/26/2005,2.459
10/25/2005,-0.499
10/24/2005,2.574
10/21/2005,12.104
10/20/2005,-1.782
10/19/2005,1.787
10/18/2005,-0.564
10/17/2005,2.992
10/14/2005,-0.437
10/13/2005,-1.173
10/12/2005,-1.676
10/11/2005,-1.465
10/10/2005,-0.748
10/07/2005,0.077
10/06/2005,0.657
10/05/2005,-0.093
10/04/2005,-2.41
10/03/2005,0.702
09/30/2005,2.209
09/29/2005,1.183
09/28/2005,-2.529
09/27/2005,-0.108
09/26/2005,-0.342
09/23/2005,1.281
09/22/2005,-0.17
09/21/2005,1.296
09/20/2005,1.356
09/19/2005,1.196
09/16/2005,-0.8
09/15/2005,-0.125
09/14/2005,-2.785
09/13/2005,0.626
09/12/2005,3.561
09/09/2005,1.253
09/08/2005,0.176
09/07/2005,2.703
09/06/2005,-0.465
09/02/2005,0.769
09/01/2005,0.087
08/31/2005,-0.442
08/30/2005,-0.409
08/29/2005,1.717
08/26/2005,0.35
08/25/2005,0.007
08/24/2005,1.069
08/23/2005,2.033
08/22/2005,-2.139
08/19/2005,0.004
08/18/2005,-1.792
08/17/2005,-0.193
08/16/2005,0.581
08/15/2005,-1.974
08/12/2005,1.996
08/11/2005,-0.571
08/10/2005,-2.02
08/09/2005,0.11
08/08/2005,-0.376
08/05/2005,-1.807
08/04/2005,0.145
08/03/2005,-0.632
08/02/2005,2.599
08/01/2005,1.338
07/29/2005,-1.956
07/28/2005,-1.155
07/27/2005,0.284
07/26/2005,0.081
07/25/2005,-2.166
07/22/2005,-3.676
07/21/2005,0.622
07/20/2005,0.678
07/19/2005,3.459
07/18/2005,-0.548
07/15/2005,0.1
07/14/2005,0.679
07/13/2005,2.426
07/12/2005,-0.535
07/11/2005,-0.972
07/08/2005,0.233
07/07/2005,1.379
07/06/2005,-1.417
07/05/2005,1.531
07/01/2005,-0.986
06/30/2005,0.489
06/29/2005,-3.073
06/28/2005,-0.691
06/27/2005,2.304
06/24/2005,2.603
06/23/2005,0.142
06/22/2005,0.507
06/21/2005,0.398
06/20/2005,2.283
06/17/2005,1.031
06/16/2005,0.961
06/15/2005,-1.275
06/14/2005,-1.556
06/13/2005,0.089
06/10/2005,-1.331
06/09/2005,2.415
06/08/2005,-4.626
06/07/2005,0.749
06/06/2005,3.811
06/03/2005,-2.654
06/02/2005,-0.035
06/01/2005,3.87
05/31/2005,4.237
05/27/2005,2.623
05/26/2005,-0.617
05/25/2005,1.879
05/24/2005,0.215
05/23/2005,5.728
05/20/2005,1.016
05/19/2005,0.008
05/18/2005,2.587
05/17/2005,0.9
05/16/2005,0.79
05/13/2005,0.227
05/12/2005,-1.111
05/11/2005,1.532
05/10/2005,0.788
05/09/2005,-0.877
05/06/2005,0.458
05/05/2005,-0.665
05/04/2005,1.021
05/03/2005,1.754
05/02/2005,1.041
04/29/2005,0.251
04/28/2005,-0.15
04/27/2005,0.471
04/26/2005,-2.138
04/25/2005,3.577
04/22/2005,5.675
04/21/2005,3.089
04/20/2005,3.501
04/19/2005,2.369
04/18/2005,1.065
04/15/2005,-3.369
04/14/2005,-0.767
04/13/2005,-0.531
04/12/2005,0.378
04/11/2005,0.614
04/08/2005,-0.883
04/07/2005,2.399
04/06/2005,0.345
04/05/2005,1.77
04/04/2005,2.916
04/01/2005,-0.26
03/31/2005,0.033
03/30/2005,0.49
03/29/2005,-1.02
03/28/2005,1.211
03/24/2005,0.151
03/23/2005,0.213
03/22/2005,-1.261
03/21/2005,0.467
03/18/2005,0.418
03/17/2005,2.101
03/16/2005,-1.685
03/15/2005,2.069
03/14/2005,-1.58
03/11/2005,-1.211
03/10/2005,-0.755
03/09/2005,-2.079
03/08/2005,-1.912
03/07/2005,1.565
03/04/2005,-0.594
03/03/2005,0.988
03/02/2005,-0.473
03/01/2005,-1.027
02/28/2005,1.141
02/25/2005,-1.599
02/24/2005,-2.609
02/23/2005,1.348
02/22/2005,-3.324
02/18/2005,0.025
02/17/2005,-0.257
02/16/2005,1.629
02/15/2005,1.161
02/14/2005,2.983
02/11/2005,-0.309
02/10/2005,-1.879
02/09/2005,-3.554
02/08/2005,1.331
02/07/2005,-4.076
02/04/2005,-3.083
02/03/2005,2.379
02/02/2005,7.327
02/01/2005,-1.902
01/31/2005,2.774
01/28/2005,1.202
01/27/2005,-0.613
01/26/2005,6.843
01/25/2005,-1.992
01/24/2005,-4.015
01/21/2005,-2.908
01/20/2005,-1.713
01/19/2005,-3.237
01/18/2005,1.965
01/14/2005,2.375
01/13/2005,-0.026
01/12/2005,0.951
01/11/2005,-0.779
01/10/2005,0.624
01/07/2005,2.811
01/06/2005,-2.563
01/05/2005,-0.509
01/04/2005,-4.05
01/03/2005,5.146
12/31/2004,-2.434
12/30/2004,2.436
12/29/2004,0.073
12/28/2004,0.443
12/27/2004,2.134
12/23/2004,0.859
12/22/2004,1.388
12/21/2004,-0.686
12/20/2004,2.743
12/17/2004,2.046
12/16/2004,-1.841
12/15/2004,0.61
12/14/2004,4.834
12/13/2004,-0.699
12/10/2004,-1.026
12/09/2004,2.03
12/08/2004,-0.846
12/07/2004,-2.757
12/06/2004,-2.278
12/03/2004,0.557
12/02/2004,-0.311
12/01/2004,-1.11
11/30/2004,0.514
11/29/2004,0.925
11/26/2004,2.649
11/24/2004,4.322
11/23/2004,1.466
11/22/2004,-2.538
11/19/2004,1.11
11/18/2004,-2.875
11/17/2004,-0.023
11/16/2004,-6.67
11/15/2004,1.577
11/12/2004,-0.557
11/11/2004,9.031
11/10/2004,-0.498
11/09/2004,-2.231
11/08/2004,1.89
11/05/2004,-8.311
11/04/2004,-3.636
11/03/2004,-1.642
11/02/2004,-0.592
11/01/2004,2.827
10/29/2004,-1.376
10/28/2004,3.941
10/27/2004,2.294
10/26/2004,-2.988
10/25/2004,8.682
10/22/2004,15.43
10/21/2004,6.328
10/20/2004,-5.036
10/19/2004,-0.818
10/18/2004,3.504
10/15/2004,1.486
10/14/2004,0.781
10/13/2004,2.547
10/12/2004,1.582
10/11/2004,-1.793
10/08/2004,-0.807
10/07/2004,1.291
10/06/2004,-0.932
10/05/2004,2.451
10/04/2004,1.871
10/01/2004,2.299
09/30/2004,-1.129
09/29/2004,3.326
09/28/2004,7.272
09/27/2004,-1.31
09/24/2004,-0.819
09/23/2004,2.061
09/22/2004,0.458
09/21/2004,-1.273
09/20/2004,1.592
09/17/2004,3.089
09/16/2004,1.759
09/15/2004,0.457
09/14/2004,3.712
09/13/2004,2.06
09/10/2004,2.952
09/09/2004,0.01
09/08/2004,0.709
09/07/2004,1.57
09/03/2004,-1.478
09/02/2004,1.257
09/01/2004,-2.071
08/31/2004,0.353
08/30/2004,-3.9
08/27/2004,-1.631
08/26/2004,1.802
08/25/2004,1.078
08/24/2004,-4.141
08/23/2004,1.006
08/20/2004,7.943
